출발역,도착역,기본운임
수서,동탄,"7500"
수서,지제,"7700"
수서,천안아산,"11300"
수서,오송,"15400"
수서,대전,"20100"
수서,김천구미,"30400"
수서,동대구,"37500"
수서,신경주,"42900"
수서,울산,"47000"
수서,부산,"52900"
수서,공주,"21600"
수서,익산,"28100"
수서,정읍,"34000"
수서,광주송정,"40900"
수서,나주,"42300"
수서,목포,"46800"
동탄,지제,"7500"
동탄,천안아산,"7500"
동탄,오송,"10700"
동탄,대전,"15400"
동탄,김천구미,"25800"
동탄,동대구,"32900"
동탄,신경주,"38400"
동탄,울산,"42300"
동탄,부산,"48300"
동탄,공주,"17000"
동탄,익산,"23500"
동탄,정읍,"29400"
동탄,광주송정,"36300"
동탄,나주,"37800"
동탄,목포,"42300"
지제,천안아산,"7500"
지제,오송,"7700"
지제,대전,"12400"
지제,김천구미,"22800"
지제,동대구,"29900"
지제,신경주,"35400"
지제,울산,"39400"
지제,부산,"45300"
지제,공주,"14000"
지제,익산,"20400"
지제,정읍,"26500"
지제,광주송정,"33400"
지제,나주,"34800"
지제,목포,"39300"
천안아산,오송,"7500"
천안아산,대전,"8800"
천안아산,김천구미,"19200"
천안아산,동대구,"26400"
천안아산,신경주,"31900"
천안아산,울산,"35800"
천안아산,부산,"41800"
천안아산,공주,"10400"
천안아산,익산,"16900"
천안아산,정읍,"22800"
천안아산,광주송정,"29900"
천안아산,나주,"31200"
천안아산,목포,"35700"
오송,대전,"7500"
오송,김천구미,"15100"
오송,동대구,"22300"
오송,신경주,"27800"
오송,울산,"31800"
오송,부산,"37800"
오송,공주,"7500"
오송,익산,"12800"
오송,정읍,"18700"
오송,광주송정,"25700"
오송,나주,"27200"
오송,목포,"31700"
대전,김천구미,"10400"
대전,동대구,"17600"
대전,신경주,"23100"
대전,울산,"27200"
대전,부산,"33100"
김천구미,동대구,"7500"
김천구미,신경주,"12800"
김천구미,울산,"16700"
김천구미,부산,"22800"
동대구,신경주,"7500"
동대구,울산,"9500"
동대구,부산,"15600"
신경주,울산,"7500"
신경주,부산,"10100"
울산,부산,"7500"
공주,익산,"7500"
공주,정읍,"12400"
공주,광주송정,"19400"
공주,나주,"20900"
공주,목포,"25500"
익산,정읍,"7500"
익산,광주송정,"13000"
익산,나주,"14400"
익산,목포,"19100"
정읍,광주송정,"7500"
정읍,나주,"8400"
정읍,목포,"13000"
광주송정,나주,"7500"
광주송정,목포,"7500"
나주,목포,"7500"
동탄,수서,"7500"
지제,수서,"7700"
천안아산,수서,"11300"
오송,수서,"15400"
대전,수서,"20100"
김천구미,수서,"30400"
동대구,수서,"37500"
신경주,수서,"42900"
울산,수서,"47000"
부산,수서,"52900"
공주,수서,"21600"
익산,수서,"28100"
정읍,수서,"34000"
광주송정,수서,"40900"
나주,수서,"42300"
목포,수서,"46800"
지제,동탄,"7500"
천안아산,동탄,"7500"
오송,동탄,"10700"
대전,동탄,"15400"
김천구미,동탄,"25800"
동대구,동탄,"32900"
신경주,동탄,"38400"
울산,동탄,"42300"
부산,동탄,"48300"
공주,동탄,"17000"
익산,동탄,"23500"
정읍,동탄,"29400"
광주송정,동탄,"36300"
나주,동탄,"37800"
목포,동탄,"42300"
천안아산,지제,"7500"
오송,지제,"7700"
대전,지제,"12400"
김천구미,지제,"22800"
동대구,지제,"29900"
신경주,지제,"35400"
울산,지제,"39400"
부산,지제,"45300"
공주,지제,"14000"
익산,지제,"20400"
정읍,지제,"26500"
광주송정,지제,"33400"
나주,지제,"34800"
목포,지제,"39300"
오송,천안아산,"7500"
대전,천안아산,"8800"
김천구미,천안아산,"19200"
동대구,천안아산,"26400"
신경주,천안아산,"31900"
울산,천안아산,"35800"
부산,천안아산,"41800"
공주,천안아산,"10400"
익산,천안아산,"16900"
정읍,천안아산,"22800"
광주송정,천안아산,"29900"
나주,천안아산,"31200"
목포,천안아산,"35700"
대전,오송,"7500"
김천구미,오송,"15100"
동대구,오송,"22300"
신경주,오송,"27800"
울산,오송,"31800"
부산,오송,"37800"
공주,오송,"7500"
익산,오송,"12800"
정읍,오송,"18700"
광주송정,오송,"25700"
나주,오송,"27200"
목포,오송,"31700"
김천구미,대전,"10400"
동대구,대전,"17600"
신경주,대전,"23100"
울산,대전,"27200"
부산,대전,"33100"
동대구,김천구미,"7500"
신경주,김천구미,"12800"
울산,김천구미,"16700"
부산,김천구미,"22800"
신경주,동대구,"7500"
울산,동대구,"9500"
부산,동대구,"15600"
울산,신경주,"7500"
부산,신경주,"10100"
부산,울산,"7500"
익산,공주,"7500"
정읍,공주,"12400"
광주송정,공주,"19400"
나주,공주,"20900"
목포,공주,"25500"
정읍,익산,"7500"
광주송정,익산,"13000"
나주,익산,"14400"
목포,익산,"19100"
광주송정,정읍,"7500"
나주,정읍,"8400"
목포,정읍,"13000"
나주,광주송정,"7500"
목포,광주송정,"7500"
목포,나주,"7500"
